num,title,artist,songNum,year,genre,id,danceability,energy,key,loudness,mode,speechiness,acousticness,instrumentalness,liveness,valence,tempo
0,"모든 날, 모든 순간 (드라마""키스 먼저..."")",폴킴,91478,2018,Ballad,3Ml2s37uS9jqRM2R3bfDiB,0.47,0.288,8,-9.434,1,0.0279,0.859,1.78e-05,0.103,0.153,133.25
1,소주 한잔,임창정,9431,2003,Ballad,1W3PMEAqtaB6UKydSUvfee,0.314,0.443,7,-5.89,1,0.029,0.475,0,0.147,0.205,141.583
2,체념,BIG MAMA,63269,2003,Ballad,2GQNIuqbHbsSJPjvp91AJg,0.605,0.357,8,-8.742,1,0.0365,0.261,0,0.116,0.134,135.921
3,까만안경,이루,45717,2006,Ballad,0IPZBKJ5PfYR2y7nmCMDIb,0.37,0.237,11,-14.275,1,0.0484,0.791,0,0.112,0.152,129.527
4,밝게 빛나는 별이 되어 비춰 줄게,송이한,22557,2021,Ballad,7hSxOrxogaR7YGpg4l8wmd,0.508,0.488,5,-4.438,1,0.0303,0.642,0,0.0932,0.263,123.954
5,술 한잔해요,지아,46868,2009,Ballad,5RzKwMCJFQEFLM6ok9TrYg,0.504,0.487,6,-4.863,1,0.0369,0.689,0,0.294,0.41,137.699
6,오래된 노래,스탠딩 에그,77480,2012,Ballad,1YlTjvNlsRBvSOcCqv5xm4,0.576,0.569,0,-6.171,1,0.0292,0.134,0,0.108,0.386,143.873
7,포장마차,황인욱,79945,2019,Ballad,3PFF8Rjo6MFi6lT87uAT33,0.383,0.51,2,-5.039,1,0.0356,0.606,0,0.119,0.223,131.054
8,흔들리는 꽃들 속에서 네 샴푸 향이 느껴진 거야,장범준,21022,2019,Ballad,2skS61BQztE5bUpqJnBJAx,0.672,0.774,11,-3.673,1,0.0278,0.321,0,0.12,0.702,100.002
9,추억은 만남보다 이별에 남아,정동하,22563,2021,Ballad,44AbcJTKmV3hipk9gKgUbA,0.522,0.547,10,-3.529,1,0.0288,0.754,0,0.119,0.195,133.793
10,축가,전우성,89660,2018,Ballad,6BW8ERYBXv2oSE5G71Nxzl,0.476,0.561,5,-4.009,1,0.0332,0.583,0,0.227,0.305,135.939
11,"기다릴게 (드라마""공주의 남자"")","하동균,이정",58353,2011,Ballad,44kWeqkygHMSMrHyo80oAc,0.359,0.479,2,-6.916,1,0.0446,0.557,0,0.126,0.317,141.125
12,"아로하(드라마 ""슬기로운 의사 생활"")",조정석,27615,2020,Ballad,1hOEq5q9L41E2YbLhVvW5x,0.672,0.601,2,-3.886,1,0.024,0.401,0,0.0912,0.487,98.991
13,가질 수 없는 너,BANK,3890,1995,Ballad,7INlzYSRRxRxzpJKRq7nxI,0.479,0.373,10,-7.772,1,0.0279,0.614,0,0.0775,0.118,153.933
14,애인 있어요,이은미,45387,2005,Ballad,4hDdZkmUuBiM8mQSGXeY75,0.367,0.663,7,-5.62,1,0.0366,0.696,0,0.983,0.186,137.53
15,꿈속에 너 (Feat.전상근),에이치코드,89554,2018,Ballad,79w8z28yTXmAvC7L7grLux,0.567,0.41,2,-5.744,1,0.0283,0.706,0,0.18,0.235,129.885
16,"너를 위해(영화""동감"")",임재범,6348,2000,Ballad,5vvOBEiVYdvmNXFTO85zt5,0.478,0.451,4,-6.311,1,0.0269,0.608,1.13e-06,0.124,0.145,135.837
17,사랑이 식었다고 말해도 돼,먼데이키즈,98092,2019,Ballad,1K7POuN7vtBx5MCAi2W6DJ,0.492,0.476,4,-4.901,1,0.0323,0.812,0,0.109,0.563,133.896
18,Hello,허각,47499,2011,Ballad,0SOnbGVEf5q0YqL0FO2qu0,0.397,0.561,6,-4.148,1,0.0455,0.744,0,0.0866,0.239,132.165
19,친구,안재욱,9321,2003,Ballad,3Wh66t8DDBZqvP6K2NuJVk,0.6,0.219,7,-16.748,1,0.0294,0.0637,0.783,0.14,0.178,135.965
20,"My Way (드라마""돈꽃"")",이수,49720,2017,Ballad,4fOfwLHQJz49Q8T1jrz54I,0.472,0.402,10,-7.855,1,0.0322,0.346,0,0.11,0.206,76.946
21,보고싶다,김범수,62858,2002,Ballad,2ES5x2KyfEeyplKPW0hkA5,0.488,0.335,5,-7.585,1,0.0286,0.754,0,0.0851,0.167,127.908
22,사랑 안 해,백지영,45528,2006,Ballad,4iNVdTfA97m3dJqdNqNyfe,0.569,0.472,7,-6.195,1,0.0274,0.387,0,0.141,0.366,135.915
23,감사,김동률,85398,2007,Ballad,6vL9tLXg2XnsYXndqpIUQS,0.409,0.423,1,-8.197,1,0.0302,0.726,8.46e-06,0.23,0.132,132.03
24,취하고 싶다 (Prod. By 전태익),황인욱,89509,2018,Ballad,2H2thTXJVGKR8PibPHVFw2,0.568,0.43,6,-9.609,1,0.0303,0.0116,0.609,0.195,0.129,134.008
25,노래방에서,장범준,97118,2019,Ballad,0afoCntatBcJGjz525RxBT,0.599,0.648,0,-3.618,0,0.027,0.211,0,0.472,0.723,104.011
26,지나오다,닐로,90989,2018,Ballad,7CEp2jyohd05jqAiWafcOK,0.648,0.313,7,-6.778,1,0.0313,0.88,0,0.136,0.436,113.752
27,다시 만날까 봐,V.O.S,98922,2019,Ballad,607muQQkKQGweEVD6hAgwM,0.615,0.541,6,-4.066,1,0.0291,0.571,0,0.116,0.372,127.883
28,그날에 나는 맘이 편했을까,이예준,22381,2020,Ballad,4fx2P5JDZ7hszBkTxzftQL,0.536,0.427,10,-4.127,1,0.0348,0.729,1.66e-06,0.0682,0.217,129.561
29,너를 만나,폴킴,92439,2018,Ballad,5AkyvofVWUqds8x1HHgDU9,0.351,0.29,0,-8.34,1,0.0296,0.792,0,0.312,0.337,143.88
30,사랑에 연습이 있었다면 (Prod. 2Soo),임재현,97871,2019,Ballad,3qCL1z9ex9cM26sAYfAHxU,0.543,0.431,4,-6.784,0,0.0301,0.584,1.9e-05,0.108,0.173,135.813
31,준비 없는 이별,녹색지대,3977,1995,Ballad,7CSmwiPhtzLt03ZiLCGmlv,0.519,0.421,7,-8.614,1,0.03,0.502,1.18e-06,0.104,0.265,153.742
32,잠이 오질 않네요,장범준,28198,2020,Ballad,638ZqDkW3jdwkla129O2MZ,0.538,0.478,3,-5.315,0,0.032,0.721,0,0.315,0.395,79.986
33,조금 취했어 (Prod. 2Soo),임재현,27086,2019,Ballad,3tdVMK7L0hJyluQaG0i925,0.348,0.5,5,-5.275,1,0.0282,0.197,0,0.259,0.185,134.384
34,우리 왜 헤어져야 해,신예영,21407,2020,Ballad,3UPjb91Fwm7u2tAm92Bk0p,0.554,0.526,7,-5.21,1,0.0394,0.808,0,0.074,0.23,129.845
35,그날처럼,장덕철,49742,2017,Ballad,5Kh4U2f0W2Kz7zRilOMwth,0.513,0.382,3,-6.63,1,0.0518,0.435,0,0.261,0.27,136.95
36,나를 사랑했던 사람아,허각,47703,2012,Ballad,2IUuJlCC8LyqdMqF2ej0nq,0.447,0.375,11,-5.829,1,0.0315,0.78,0,0.0947,0.263,127.063
37,"안녕 (드라마""호텔 델루나"")",폴킴,21020,2019,Ballad,6e2q1I8aq1bhNlructWgta,0.449,0.292,0,-7.09,1,0.0321,0.809,0,0.16,0.289,131.119
38,늦은 밤 너의 집 앞 골목길에서,노을,21238,2019,Ballad,3QRUPaizh0X42xNQMr8aPg,0.475,0.458,6,-5.72,1,0.0444,0.672,0,0.0814,0.342,67.347
39,가을 안부,먼데이키즈,49701,2017,Ballad,02CMonEm2NrUYcpQw79THN,0.317,0.544,6,-5.671,1,0.0306,0.495,0,0.154,0.225,131.153
40,오늘도 빛나는 너에게(To You My Light)(Feat.이..,마크툽,79935,2019,Ballad,5kPpA4aMFeAQnahSnTIOi4,0.509,0.573,5,-5.29,1,0.0333,0.242,0,0.155,0.305,149.948
41,서면역에서,순순희,22143,2020,Ballad,23qzVx2zTL1fIGMV1KwPjr,0.424,0.616,0,-4.278,1,0.0329,0.61,0,0.193,0.283,135.535
42,"취기를 빌려 (웹툰""취향 저격 그녀"")",산들(B1A4),27964,2020,Ballad,1xWVYPdaLm909DbFmuPGOR,0.697,0.447,1,-6.552,1,0.0264,0.769,0,0.115,0.549,93.931
43,"만약에 (드라마""쾌도 홍길동"")",태연(소녀시대),83377,2008,Ballad,1BHLy0efFQ8FFxyxgJtTMf,0.527,0.378,9,-6.527,1,0.0289,0.82,0,0.115,0.283,145.871
44,밤하늘의 별을(2020),경서,22298,2020,Ballad,7MXtr93z4ltQzhfIxYnYWX,0.583,0.643,3,-5.338,1,0.0775,0.492,0,0.225,0.691,154.133
45,I Love You,포지션,6666,2000,Ballad,0rXBAMbHo7WTddZYfK2AX9,0.397,0.391,10,-8.483,1,0.0305,0.555,0.000164,0.122,0.187,139.956
46,아리랑,SG워너비,45903,2007,Ballad,5Ya9luwvvYgRqIB6GFCp3i,0.609,0.717,1,-5.539,1,0.04,0.271,0.00043,0.0996,0.442,105.02
47,너를 보내고,윤도현밴드,6181,1999,Ballad,6o7xzlqR47HGpbtmCCVw3C,0.576,0.649,0,-4.85,1,0.028,0.774,0.00161,0.115,0.458,118.888
48,"말리 꽃 (영화""비천무"")",이승철,6438,2005,Ballad,1RU6gAnZSoxAE1pYTE7cfh,0.289,0.367,6,-7.238,1,0.0289,0.593,0,0.144,0.11,64.469
49,사랑했나 봐,윤도현,45202,2005,Ballad,1w2hClDL1xH4FPZIipZ1FJ,0.702,0.534,9,-6.102,1,0.0282,0.444,0,0.108,0.544,93.983
50,"그런 사람 또 없습니다 (영화""슬픔보다 더.."")",이승철,46557,2009,Ballad,4IVamb5uivBasUfXsDSmDD,0.435,0.504,1,-6.834,1,0.027,0.581,0,0.694,0.303,137.973
51,그대를 사랑하는 10가지 이유,이석훈,47003,2010,Ballad,1irsHnzK1oo5x0eWJ3pqKx,0.683,0.684,5,-6.381,0,0.0302,0.0503,0,0.242,0.415,117.963
52,오르막길,"윤종신,정인",77313,2012,Ballad,1NiCdqO3SZGPAgJxE8gwgp,0.413,0.38,9,-6.975,1,0.0307,0.677,0,0.568,0.18,133.242
53,화장을 고치고,WAX,7513,2001,Ballad,1QZCHiots2VxitOX5wp10X,0.504,0.37,8,-6.775,1,0.0337,0.736,0,0.134,0.216,135.266
54,끝 사랑,김범수,47408,2011,Ballad,1Uich3MOYxcBw14WavzZpi,0.397,0.335,5,-6.401,1,0.0397,0.651,0,0.119,0.25,141.01
55,응급실 (2021),황인욱,22862,2021,Ballad,3USmrwVK08XzzrIQdYtY1m,0.501,0.442,5,-6.072,1,0.0296,0.714,0,0.124,0.171,141.893
56,"사랑아(드라마 ""내 남자의 여자"")",THE ONE,81766,2007,Ballad,0kJfX857OItSkUSuevwFXR,0.333,0.423,3,-7.001,0,0.0326,0.614,0,0.0864,0.132,134.028
57,바람 기억,나얼,47870,2012,Ballad,1uMLtqpe8beA6fPy3ApJcJ,0.279,0.43,8,-7.412,1,0.0308,0.633,0.00082,0.107,0.147,133.443
58,슬픔 활용법,김범수,46390,2008,Ballad,7fFsLINcNwblIXhF4OSNDC,0.657,0.742,11,-5.685,0,0.0696,0.000515,0.0287,0.1,0.335,131.965
59,가로수 그늘 아래 서면,이문세,1451,2003,Ballad,2X1Cqlc3jMEw7j5scnt6Xv,0.407,0.163,1,-10.118,0,0.0322,0.902,6.45e-06,0.0978,0.184,117.963
60,아로하,쿨,7660,2004,Ballad,1uRB9bYGCSvLSsF4e65UYj,0.529,0.754,3,-4.209,1,0.0551,0.516,0,0.197,0.538,202.018
61,다시 사랑한다 말할까,김동률,7618,2012,Ballad,52p5RtEaTXx1u1udrx8Fqr,0.532,0.54,2,-8.434,1,0.0315,0.176,5.03e-06,0.298,0.243,139.975
62,니 소식,송하예,97922,2019,Ballad,4ivi7tEWb6FEiHrVIL2rgj,0.472,0.6,11,-3.473,1,0.0316,0.693,0,0.15,0.411,135.224
63,다행이다,이적,45912,2007,Ballad,6LLMPJefTffgzRsL4HSmuT,0.437,0.306,4,-9.23,1,0.0396,0.691,0,0.129,0.206,138.734
64,술이 문제야,"장혜진,윤민수",79942,2019,Ballad,6Vu5jrlveGRcQ7FqUujsut,0.565,0.618,8,-4.63,1,0.0407,0.71,0,0.113,0.316,127.824
65,시든 꽃에 물을 주듯,HYNN(박혜원),97859,2019,Ballad,6ylw0U4J3RFj0NoVCMZj93,0.416,0.43,1,-6.117,1,0.0399,0.591,0,0.349,0.151,133.063
66,고맙소,김호중,21659,2020,Ballad,06GizNxrmgbwhIFq00Divq,0.379,0.418,7,-5.876,1,0.0404,0.659,2.74e-06,0.312,0.142,79.812
67,"낙인(드라마""추노"")",임재범,84726,2010,Ballad,0vwe2qufrK0b2UXGesURZw,0.436,0.589,9,-7.659,0,0.0353,0.581,0,0.0992,0.211,143.815
68,총 맞은 것처럼,백지영,83914,2008,Ballad,1eKB7VHL8NmM64993UY1rE,0.715,0.778,10,-1.956,0,0.0267,0.675,0,0.16,0.594,92.025
69,365일,알리,84507,2009,Ballad,633enIZP8zvdSu3Ma0zZs0,0.468,0.392,5,-5.354,1,0.0289,0.583,0,0.0999,0.134,137.516
70,슬픈 언약식,김정민,3951,1995,Ballad,4fjszCyp9aPlac5nTpxYPJ,0.381,0.512,9,-6.364,1,0.0306,0.212,0,0.096,0.191,135.88
71,취중진담,전람회,4772,1996,Ballad,39FFkPyRLQtYBJkgV6ETAw,0.597,0.385,2,-13.326,1,0.0309,0.676,0,0.111,0.312,119.977
72,너에게로 또 다시,변진섭,239,2018,Ballad,2Us7mw6fprGklvfsvYKPV5,0.348,0.554,0,-6.395,0,0.0503,0.367,6.07e-06,0.884,0.314,136.797
73,꽃피는 봄이 오면,BMK,45112,2005,Ballad,1XKyHmwiZojipJUNoIsbhF,0.612,0.492,8,-6.923,1,0.0292,0.186,0,0.0955,0.256,127.959
74,초록빛,폴킴,79738,2019,Ballad,3O4ZjOswNySp5wcmglQhMj,0.403,0.216,0,-10.144,1,0.0347,0.896,0,0.111,0.292,118.964
75,사랑했지만,김길중,98112,2019,Ballad,7sdGJu9g75up0j3LfnUIPZ,0.351,0.258,11,-6.79,1,0.0391,0.905,0,0.164,0.314,68.607
76,"사랑 (드라마""시티 헌터"")",임재범,47387,2011,Ballad,7vAF7yjk44E8kimUqIFXsu,0.431,0.412,1,-6.406,1,0.0284,0.662,0,0.137,0.189,129.584
77,"서쪽하늘 (영화""청연"")",이승철,45430,2005,Ballad,2wKnGjAnQxH9rFDiTSBTyp,0.41,0.463,7,-6.913,0,0.0292,0.607,0,0.117,0.116,109.975
78,사랑아 (나는 가수다 Ver.),THE ONE,87604,2013,Ballad,5TAzrlwHcjsqTtPSBcpL39,0.308,0.619,2,-4.648,0,0.035,0.486,1.55e-06,0.678,0.105,138.076
79,그래 늦지 않았어,녹색지대,5737,1998,Ballad,20CdeaHqFcgqL8rw5QBGcs,0.508,0.69,5,-4.355,1,0.0309,0.314,0,0.406,0.275,79.803
80,Tears,소찬휘,6286,2000,Dance,7vxXOTJxBWRXMrxbiFS1cX,0.33,0.891,0,-1.82,0,0.0452,0.000427,0,0.925,0.149,139.952
81,사랑 비,김태우,46773,2009,Dance,5NPjhp63rwTxH4WNnsbPrt,0.648,0.937,8,-3.841,1,0.0434,0.117,0,0.236,0.427,114.992
82,잘못된 만남,김건모,3658,1995,Dance,5xYps20oq3shRA3TZsSkPI,0.726,0.96,3,-3.429,0,0.0459,0.0358,6.38e-05,0.0374,0.856,137.914
83,8282,다비치,46582,2009,Dance,0a0M1XuLAN2CSlUWryj903,0.561,0.675,2,-5.6,1,0.0783,0.0806,0,0.095,0.277,143.037
84,애상,쿨,5422,2004,Dance,7B04nsd6Y08zVUHSZ2THj4,0.722,0.95,7,-3.712,1,0.0488,0.0368,3.24e-05,0.318,0.925,124.046
85,보여 줄게,에일리,47889,2012,Dance,2MYfUH4Zo7gphaxmMVDrie,0.606,0.872,7,-2.114,0,0.0519,0.262,0,0.125,0.226,129.965
86,빗속의 여인(Remake),김건모,7127,2001,Dance,3mha9zJ31Ya9vSMhkcYnJF,0.587,0.998,10,-4.86,0,0.0506,0.00268,0.0204,0.117,0.927,143.975
87,When We Disco (Duet with 선미),박진영,28021,2020,Dance,2PlqctBgVGDkBbYFDW1jg2,0.678,0.912,8,-3.45,0,0.0293,0.00283,0,0.319,0.692,131.947
88,비행기,거북이,45653,2006,Dance,3GcTcXCJLVdy7iYhSKPGUp,0.745,0.986,7,-2.442,1,0.0683,0.197,0,0.374,0.861,119.963
89,빙고,거북이,64589,2004,Dance,4u7owmZCgtCiuzoUYufdnf,0.742,1.0,8,-1.492,0,0.0431,0.0543,1.31e-05,0.25,0.973,134.96
90,예술이야,PSY,58340,2011,Dance,2aSRUHDFrf6202bDqLQIcd,0.591,0.843,1,-2.983,1,0.028,0.0116,0,0.0643,0.342,128.05
91,붉은 노을,빅뱅,83886,2008,Dance,3qHBjPdFZeS0tfXywAxOKq,0.756,0.87,8,-2.27,1,0.0543,0.0896,0,0.141,0.618,124.983
92,바다의 왕자,박명수,6491,2000,Dance,3OTSFhD4vXLOH10i0FUPgA,0.618,0.983,9,-5.113,1,0.0764,0.0242,0,0.483,0.476,140.008
93,삐딱하게(Crooked),G-DRAGON,48214,2013,Dance,4EwNWRBWdZ6bgvxRHlZ8OO,0.665,0.919,2,-3.211,1,0.0922,0.00191,0,0.0588,0.782,129.962
94,Way Back Home,숀,89692,2018,Dance,3NxuezMdSLgt4OwHzBoUhL,0.745,0.739,10,-4.591,1,0.0327,0.405,0.000183,0.127,0.556,99.913
95,좋은 날,아이유,76754,2010,Dance,1SwZVVH9BnXtLRLi2cbFhw,0.637,0.882,9,-3.034,1,0.0654,0.165,0,0.0981,0.552,128.027
96,순정,코요태,5767,2019,Dance,3r66PWS51DT0mvQmD7ICTc,0.674,0.919,5,-1.787,0,0.0588,0.00638,0,0.333,0.756,136.953
97,운전만 해 (We Ride),브레이브 걸스,28399,2021,Dance,6kH1sKkvgN4Yikake52glq,0.602,0.947,0,-1.613,1,0.0615,0.182,1.47e-05,0.132,0.808,110.055
98,"LOVE DAY(2021)(웹툰 ""바른 연애 길잡이"")","양요섭,정은지",22650,2021,Dance,382vwoXF6ksNuaPbMYiQy6,0.757,0.707,0,-3.186,1,0.0316,0.313,0,0.122,0.62,113.992
99,Dun Dun Dance,오마이걸,22899,2021,Dance,54HsCR7lJJdwxmEnTY1JfF,0.647,0.957,1,-0.384,0,0.0819,0.169,0,0.234,0.764,114.968
100,섹시한 남자,SPACE A,6068,2013,Dance,4KA4iwe4NeFptO6mnDfvbI,0.74,0.977,1,-1.695,0,0.164,0.049,0,0.184,0.761,132.002
101,ASAP,STAYC(스테이씨),22790,2021,Dance,5BXr7hYZQOeRttkeWYTq5S,0.764,0.802,0,-4.217,1,0.0351,0.102,0,0.189,0.323,132.02
102,화려한 싱글 (Clubmix Version),양혜승,9511,2003,Dance,1gUY50tATt2dguXnHaGfJv,0.648,0.978,5,-2.634,0,0.0352,0.00993,0.00623,0.136,0.941,138.015
103,다시 만난 세계,소녀시대,46023,2007,Dance,1RTW9UthqmZwr8Od6CH4i8,0.708,0.892,4,-1.964,0,0.0349,0.0706,0,0.114,0.623,108.031
104,사랑과 전쟁(Narr.하하),다비치,46352,2008,Dance,5obznrLSxCWiQQLxsechCe,0.65,0.857,1,-5.382,0,0.0573,0.0629,0,0.155,0.837,131.953
105,주문(Mirotic),동방신기,46439,2008,Dance,4BZhUnXvXYRQJPClr0hhIC,0.722,0.784,1,-2.411,0,0.0408,0.049,0,0.0895,0.705,99.985
106,거짓말,빅뱅,46034,2007,Dance,54SpjxPioot7g7hVfbrXHh,0.781,0.849,6,-5.644,1,0.0568,0.159,0,0.93,0.665,124.986
107,뻐꾸기 둥지위로 날아간 새,김건모,5221,1997,Dance,6ar1APgRyWIxHQotMgeYdM,0.693,0.931,6,-6.149,0,0.0611,0.00238,0.00104,0.0959,0.961,148.006
108,오늘도 난,이승철,4813,2003,Dance,7J3aEhSx3MlF6TEfu8STIc,0.795,0.83,2,-8.365,1,0.0801,0.00243,2.11e-06,0.161,0.769,132.066
109,라일락,아이유,28395,2021,Dance,5xrtzzzikpG3BLbo4q1Yul,0.738,0.89,2,-2.275,0,0.0748,0.0895,1.89e-06,0.213,0.75,114.942
110,Celebrity,아이유,28344,2021,Dance,4RewTiGEGoO7FWNZUmp1f4,0.73,0.784,9,-2.62,1,0.0691,0.191,0,0.0956,0.673,99.995
111,슈퍼맨,노라조,46489,2008,Dance,2m6A9zranmeW76Zvsi0aLN,0.567,0.985,11,-1.973,1,0.0696,0.0523,0,0.37,0.559,74.954
112,사랑을 했다 (LOVE SCENARIO),iKON,49801,2018,Dance,3d3ELsqKlQ7WA0a10Isu3l,0.806,0.707,7,-4.623,1,0.0307,0.331,0,0.294,0.746,118.009
113,Dynamite,방탄소년단,28017,2020,Dance,0t1kP63rueHleOhQkYSXFY,0.746,0.765,6,-4.41,0,0.0993,0.0112,0,0.0936,0.737,114.044
114,Fantastic Baby,빅뱅,77196,2012,Dance,26eV0R7nbqtlzh316ncU99,0.725,0.841,2,-3.924,1,0.0545,0.002,0,0.0652,0.582,130.013
115,어땠을까(Feat.박정현),PSY,77350,2012,Dance,5Kbpcd3hOqu4ZRAJNAjIcg,0.865,0.802,3,-3.853,1,0.0383,0.193,0,0.099,0.804,105.971
116,BUS 안에서,ZA ZA,4879,2020,Dance,04Yhqn2qD62oaoH6fnSbQf,0.542,0.925,3,-3.07,0,0.0396,0.002,0,0.354,0.511,133.974
117,마.피.아. In the morning,ITZY(있지),22860,2021,Dance,5712uOEqMoPURMtR2QtJGF,0.847,0.814,11,-4.668,0,0.152,0.0825,0.000507,0.0948,0.711,140.057
118,하루하루,빅뱅,83751,2008,Dance,1L4d2lafz1odpIMe8va21X,0.687,0.914,6,-5.02,1,0.0437,0.166,0,0.0858,0.675,126.001
119,Heaven,에일리,47649,2012,Dance,5raBru10U4qA2zexhixC4D,0.43,0.814,7,-3.667,1,0.123,0.702,2.52e-06,0.125,0.406,179.988
120,TTL(Time To Love),"티아라,초신성",46786,2009,Dance,4Mpl9b4soNq6nILUkDTZZv,0.647,0.937,9,-1.042,0,0.159,0.214,0,0.141,0.697,105.04
121,3! 4!,룰라,4184,1996,Dance,5ZRS1jfampQ4mVfNidYZfk,0.809,0.937,7,-3.766,1,0.0733,0.167,1.09e-05,0.0572,0.769,122.417
122,캔디,H.O.T,4843,1996,Dance,0K25zmumCzn2kFmh9zcLWy,0.741,0.977,10,-2.318,1,0.044,0.134,0,0.145,0.951,119.988
123,비가 오는 날엔,비스트,76916,2011,Dance,4Cdyx3bs8mMYVJWP3wHPXj,0.688,0.612,8,-6.303,0,0.0574,0.72,0,0.106,0.692,90.022
124,Run To You,DJ.DOC,6349,2000,Dance,0oDZXPwDPlx3EDVqoyBdSx,0.838,0.901,1,-3.436,1,0.0448,0.105,0,0.0414,0.813,132.041
125,Blueming,아이유,21290,2019,Dance,4Dr2hJ3EnVh2Aaot6fRwDO,0.819,0.674,0,-3.145,1,0.0587,0.0849,0,0.0667,0.682,106.032
126,흔들린 우정,홍경민,6411,2000,Dance,3dG8hABjshvQOkCtcq9k7R,0.698,0.954,6,-3.539,0,0.0428,0.132,0,0.0478,0.969,137.977
127,잔소리 (With 임슬옹 Of 2AM),아이유,76568,2010,Dance,1kODSVImpAKU1bbZvlNX2s,0.756,0.773,1,-4.332,1,0.0424,0.101,0,0.104,0.773,112.019
128,마지막 인사,빅뱅,46125,2007,Dance,7KDHGgYt5fF2Lh9FxMbVML,0.703,0.934,6,-2.92,0,0.167,0.0462,0,0.116,0.821,135.02
129,뿌요 뿌요,UP,4968,1997,Dance,25Eq3TZdiCyEzuI94kmZew,0.723,0.911,1,-4.651,0,0.159,0.0827,0,0.302,0.723,140.165
130,Ugly,2NE1(투애니원),47459,2011,Dance,5FahFQNnmxqiWzJbDNmeIY,0.652,0.852,8,-2.746,1,0.078,0.196,0,0.218,0.519,127.959
131,너랑 나,아이유,47581,2011,Dance,37S86pw74OH8j96ZmMnrpR,0.636,0.9,6,-3.568,1,0.0571,0.286,1.47e-06,0.0982,0.686,134.004
132,You And I,박봄,46829,2009,Dance,14Pn9Vd2GKwQrVYADgCZ5l,0.661,0.784,8,-3.729,1,0.0513,0.018,0.0837,0.0844,0.689,161.838
133,이브의 경고,박미경,3854,1994,Dance,2HZ8C7JkjJWSBA84bYaH1R,0.663,0.978,0,-2.623,1,0.0352,0.0601,0.00449,0.0784,0.62,136.374
134,Black Mamba,aespa,22347,2020,Dance,1t2qYCAjUAoGfeFeoBlK51,0.52,0.915,2,-2.862,1,0.103,0.0618,0.000946,0.0856,0.5,90.069
135,하루 끝,아이유,47737,2012,Dance,5m2tbM2w8mG76uwFgla2iF,0.65,0.79,10,-4.482,1,0.0294,0.0813,0,0.311,0.387,108.939
136,어푸 (Ah puh),아이유,28397,2021,Dance,1IJxbEXfgiKuRx6oXMX87e,0.954,0.732,6,-3.618,1,0.0445,0.0861,4.05e-06,0.0724,0.842,120.985
137,다시 여기 바닷가,싹쓰리,21998,2020,Dance,4L1MHK27ifT30Ndicpr7js,0.563,0.951,0,-1.693,0,0.123,0.0463,0,0.341,0.614,131.958
138,잠 못드는 밤 비는 내리고,김건모,1509,1992,Dance,6FkYXuozDHGdeMzvjpRjpG,0.693,0.788,7,-6.59,1,0.056,0.0644,0,0.0273,0.759,93.975
139,강남 스타일,PSY,47802,2012,Dance,1IcwO29M85zH84mf5DVzD7,0.671,0.944,6,-4.813,0,0.201,0.0288,0,0.119,0.704,131.968
140,HONEY (하니),박진영,5243,2006,Dance,5Tl3pavJASY16gGDhCoe4Q,0.822,0.571,1,-8.157,1,0.0501,0.00381,0.918,0.0434,0.842,116.996
141,사이렌,호미들,28350,2021,Hiphop,6mzkkz2p0Nyyp43Eedv4mS,0.77,0.536,4,-8.052,1,0.0805,0.865,0,0.103,0.642,140.015
142,죽일 놈(Guilty),다이나믹 듀오,84559,2009,Hiphop,0SPZ7y0fJiozsuWLSAocOl,0.755,0.665,1,-5.643,1,0.335,0.133,0,0.07,0.961,90.041
143,Ballerino(Feat.ALI),리쌍,45949,2007,Hiphop,2GPLS9GiUFWBrDohJmsAr5,0.688,0.779,7,-4.467,0,0.0487,0.218,0,0.352,0.716,95.041
144,트로트,에픽하이,86301,2009,Hiphop,70wgZo68FchHLJlGnCvvSK,0.782,0.597,4,-7.775,0,0.0344,0.0297,0,0.0986,0.729,99.967
145,VVS(Feat.Justhis) (Prod. Groovy Room),"미란이,먼치맨,쿤디..",28274,2020,Hiphop,2Zr0bYRHwWXi7eM2wuE6Aj,0.694,0.887,2,-2.592,0,0.119,0.0683,0,0.325,0.868,140.01
146,외톨이,아웃사이더,46679,2009,Hiphop,33ZvABHS83cF1LCupoJTKQ,0.726,0.918,0,-4.548,0,0.0906,0.318,0.000118,0.407,0.547,124.96
147,뿌리(Feat.Justhis) (Prod. Groovy Room),쿤디판다,22414,2020,Hiphop,6LSRHi9dycuaS83L0Yych1,0.74,0.903,7,-3.719,1,0.224,0.185,0,0.133,0.769,129.453
148,BAND,"창모,Hash Swan,ASH ISLAND,김효은",79865,2019,Hiphop,7GqAKBYPHaiLleRPu8z2op,0.792,0.616,11,-7.947,1,0.324,0.0516,0,0.0678,0.455,142.989
149,IndiGO,"Justhis,Kid Milli,NO:EL(장용준),Young B",91954,2018,Hiphop,5oxmx6B0kWTuCKgBzv8NpH,0.845,0.644,11,-2.94,1,0.319,0.216,0,0.157,0.443,153.943
150,낙원(Feat.이재훈),psy,9177,2002,Hiphop,1WEN0B8botK9MdPzgNG6pA,0.393,0.915,10,-4.963,1,0.119,0.226,0,0.883,0.213,104.027
151,붕붕(Feat.Sik-K) (Prod. Groovy Room),김하온,49878,2018,Hiphop,3uJN5Acv1WMsITAEvHuJox,0.823,0.697,0,-4.53,0,0.0533,0.443,0,0.085,0.929,136.03
152,몽환의 숲 (Feat.이루마),키네틱플로우,85135,2006,Hiphop,3rQRx89A7kGuyXMbE72WCa,0.738,0.648,4,-7.107,1,0.0515,0.051,1.25e-05,0.12,0.59,84.986
153,너에게 쓰는 편지,MC몽,9808,2004,Hiphop,7fRegG6DYNpGClPDCp851s,0.7,0.761,3,-4.976,1,0.058,0.436,0,0.116,0.705,99.933
154,챔피언,psy,9061,2002,Hiphop,2mwArTWljrY38D1cd243PB,0.481,0.89,1,-2.686,1,0.151,0.0524,0,0.119,0.687,180.123
155,멜로디,ASH ISLAND,22662,2021,Hiphop,6JeleVHUHrdvgiFESE33ZU,0.63,0.706,7,-4.434,0,0.0575,0.378,0,0.104,0.576,149.979
156,자니 (Feat.다이나믹 듀오),프라이머리,58559,2012,Hiphop,4OHq2ao4pXmGq9OOuP3lxb,0.737,0.605,1,-4.557,1,0.151,0.269,0,0.0898,0.802,99.905
157,Downtown Baby,블루(BLOO),93839,2019,Hiphop,61RF2qNzya48WZoS4k5uwp,0.551,0.619,4,-5.606,0,0.0651,0.349,0,0.109,0.28,177.879
158,Good Day(Feat.팔로알토) (Prod. 코드 쿤스트),"pH-1,Kid Milli,루피",89774,2018,Hiphop,6CxxgFhfvh5uz6h4l0ltzP,0.718,0.697,6,-4.091,0,0.268,0.35,0,0.224,0.475,154.995
159,METEOR,창모,21310,2019,Hiphop,4g6XOg9rvB55GCTJcYchOG,0.728,0.642,8,-4.989,1,0.0727,0.316,0,0.0834,0.755,185.795
160,Officially Missing You,긱스(Geeks),86884,2011,Hiphop,7CkjU55ROZSwb95dzGan0o,0.661,0.714,7,-5.524,1,0.114,0.641,0,0.287,0.775,92.979
161,어떻게 지내,오반,21607,2020,Hiphop,1ee336VqMtJzZzZKRqNXAK,0.652,0.77,11,-5.289,1,0.167,0.468,0,0.318,0.78,142.896
162,"내일이 오면(Feat. 기리보이,BIG Naughty..",릴보이,22400,2020,Hiphop,7K31QxS2DmTBxdYldd8yqf,0.776,0.597,9,-6.234,1,0.371,0.395,0,0.0664,0.495,78.283
163,"I Love U, Oh Thank U (Feat.김태우)",MC몽,64753,2005,Hiphop,7mvfmtD60HCP2sm7NqHkVG,0.694,0.839,1,-4.628,1,0.0812,0.0709,0,0.529,0.582,89.996
164,Selfmade Orange (Feat.수퍼비),창모,89681,2018,Hiphop,4Sj58SxB3Egh71Mzrm01aZ,0.834,0.747,5,-7.548,1,0.0607,0.123,0,0.112,0.22,128.994
165,"시차(We Are)(Feat. 로꼬,그레이(GRAY))",우원재,90515,2017,Hiphop,2SMq0lOqCTHayWa9juoI0d,0.756,0.808,7,-3.272,1,0.0752,0.147,0,0.129,0.685,100.018
166,아버지,PSY,69562,2005,Hiphop,67GqQCeymrQlNkciuANkuV,0.67,0.903,4,-4.239,1,0.152,0.0167,0,0.153,0.58,106.0
167,광대(With B.M.K),리쌍,69716,2005,Hiphop,3izvL676M3ICgZ9eVvnTRx,0.697,0.898,10,-3.222,0,0.178,0.243,0,0.136,0.654,160.815
168,"노 땡큐(Feat.MINO,Simon Dominic,The Quiett)",에픽하이,89429,2017,Hiphop,4DzJl3Pi6H7oOyinUwWDfr,0.823,0.754,7,-5.013,1,0.217,0.144,0,0.0784,0.693,97.973
169,아는 사람 얘기,San E,77723,2013,Hiphop,0LWlUOcUuxPZhj3hykvqlc,0.837,0.91,1,-3.742,1,0.138,0.22,0,0.339,0.849,94.998
170,그땐 그땐 그땐,"Supreme Team,영준",76694,2010,Hiphop,5SQPTxNUunDOhBMOggDmX7,0.808,0.862,0,-4.473,0,0.0933,0.422,0,0.349,0.775,120.015
171,"CREDIT(Feat. 염따,기리보이,Zion.T)",릴보이,28291,2020,Hiphop,2lHmx4nJOTGHx2PkEFMADF,0.655,0.543,10,-5.94,0,0.262,0.567,0,0.087,0.383,79.968
172,땡 땡 땡,Supreme Team,57953,2010,Hiphop,3Yf5Ca2EwSBI7wQIdGEPuR,0.578,0.904,7,-4.642,0,0.435,0.144,0,0.333,0.838,128.179
173,눈물 샤워(Feat.에일리),배치기,47978,2013,Hiphop,52cGvTZRU2w4vwMs0BbhuO,0.7,0.904,3,-2.661,0,0.0733,0.236,0,0.0466,0.5,111.951
174,악몽,ASH ISLAND,89961,2019,Hiphop,3uKoBRThCMtgKss90CiXQc,0.757,0.695,2,-7.94,1,0.413,0.786,1.83e-05,0.258,0.729,80.039
175,flex (Prod. By 기리보이),"기리보이,Kid Milli,NO:EL(장용준),스윙스",92050,2018,Hiphop,3tKtU9UOlNChXisFihGQ2G,0.871,0.786,7,-2.28,1,0.0846,0.177,0,0.0548,0.948,146.938
176,아무 노래,Zico,21447,2020,Hiphop,1iIhGHzzrzqQfuNkFI2qAn,0.874,0.787,10,-2.416,0,0.129,0.118,0,0.11,0.896,108.007
177,검은 행복,윤미래,85403,2007,Hiphop,3gpwEXhh8o08MWQukS9bVz,0.625,0.622,7,-6.102,0,0.102,0.152,0,0.37,0.476,91.073
178,"아퍼(Feat.Kid Milli,Lil tachi,김승민,NO:EL,씨..",기리보이,79873,2019,Hiphop,1CJweyedfMbIab2O3Jc8K8,0.814,0.807,6,-4.201,0,0.184,0.308,0,0.119,0.621,129.936
179,빌었어,창모,27362,2020,Hiphop,2iGE15tDX1YR1uegNyxaB3,0.599,0.488,3,-7.576,1,0.2,0.597,0,0.316,0.278,129.845
180,행복,오반,92634,2018,Hiphop,23F5idO5E81O3VatxedjQM,0.577,0.627,4,-5.204,1,0.0785,0.937,0,0.111,0.718,118.935
181,문제아 (Full Ver.),"수퍼비,UNEDUCA...",97857,2019,Hiphop,4hru8jF2LrRpPaLri7fOAz,0.619,0.875,11,-2.111,1,0.258,0.111,0,0.218,0.368,74.231
182,Y(Please Tell Me Why),Free Style,68418,2004,Hiphop,1nk9moKBnrWMsXoHxnaeJd,0.708,0.432,5,-7.113,0,0.0556,0.81,5.98e-05,0.154,0.628,79.986
183,죽을 만큼 아파서 (Feat.Mellow),MC몽,47068,2010,Hiphop,5PaUW7tmYvVZzTMGG4uqcP,0.663,0.835,7,-5.701,0,0.0741,0.488,1.4e-06,0.386,0.512,123.973
184,400km (Feat.Kid Milli),한요한,27605,2020,Hiphop,5PFqdHy3b9PGgfns2uVpE6,0.662,0.876,1,-0.8,1,0.0459,0.0167,0,0.105,0.258,82.486
185,Freak (Prod. Slom),"릴보이,원슈타인,..",28272,2020,Hiphop,1QirEjVFJfxqXXgdF2YC1g,0.871,0.563,11,-6.047,0,0.274,0.1,0,0.101,0.532,105.004
186,"""+82 Bars",수퍼비,90929,2018,Hiphop,2J5fF0d4ePNQfPRIS1LGJU,0.781,0.818,1,-2.234,1,0.228,0.0309,0,0.137,0.444,143.016
187,고독하구만(Feat.수퍼비) (Prod. Groovy Room),머쉬베놈(MUSHVENOM),22466,2020,Hiphop,0NfdJoSsrPwLijeOpwIVN6,0.573,0.852,7,-2.697,1,0.244,0.213,0,0.131,0.435,165.08
188,두 마리,배치기,47715,2012,Hiphop,5bqxWU4HrPDcHYghYR2Fgq,0.75,0.955,7,-1.913,0,0.0846,0.0298,0,0.0887,0.872,128.019
189,인생은 즐거워,제시카에이치오,46546,2009,Hiphop,5JWwGApvvpzlWmRTvHzBTY,0.591,0.876,6,-0.756,0,0.0759,0.035,0,0.218,0.665,92.996
190,"헤어지지 못하는 여자, 떠나가지 못하는 남자..",리쌍,84505,2009,Hiphop,3Gpdzw72aBVJSrm5J1leVK,0.523,0.841,10,-2.505,0,0.331,0.15,0,0.164,0.383,173.903
191,Boogie On & On,Beenzino,47819,2012,Hiphop,2y6Ur97SRouk64dvHMMsbu,0.769,0.672,5,-3.758,0,0.0545,0.0489,0,0.136,0.786,120.038
192,꽉 쥔 주먹 속의 라이터,호미들,28353,2021,Hiphop,4rdVgfBzrai9f8ZcXTwP3Q,0.811,0.496,2,-8.36,1,0.239,0.496,0,0.109,0.437,117.94
193,"씨스루 (Feat.개코,Zion.T)",프라이머리,77251,2012,Hiphop,1qCHUbe8BuHymkHuzHEYoi,0.761,0.842,1,-3.707,1,0.133,0.286,0,0.117,0.859,113.991
194,"Rainy day(Feat.ASH ISLAND,Skinny Brown)",PATEKO,27953,2020,Hiphop,4LxFRsy3TZjqAtAgIsjkez,0.621,0.783,2,-4.78,1,0.162,0.55,0,0.109,0.49,160.161
195,시간이 들겠지 (Feat.Colde),로꼬(Loco),89772,2018,Hiphop,3mNbGPCLCxia3yvwWp2P51,0.728,0.503,3,-7.147,1,0.08,0.777,2.57e-06,0.249,0.267,120.032
196,"범퍼카 (Feat.NO:EL,Young B)",한요한,89556,2018,Hiphop,0YjaYbmmCgUUwOVAA3wqiV,0.724,0.955,1,-0.392,1,0.0667,0.169,0,0.181,0.812,120.041
197,Heu! (Full Ver.),수퍼비,93808,2019,Hiphop,3CHHW06gWZIZcrdYMaiNPb,0.816,0.667,10,-5.476,0,0.239,0.134,0,0.106,0.622,156.412
198,불행 (Feat.빈첸),오반,49936,2018,Hiphop,7DnTD79C5egpuKEjGAvDaT,0.568,0.732,5,-4.52,1,0.0561,0.709,0,0.119,0.568,130.352
199,Error (Feat.루피),ASH ISLAND,22012,2020,Hiphop,7IRknQOMvsycACYS1fVGex,0.466,0.616,5,-4.35,1,0.029,0.274,1.21e-06,0.112,0.183,85.129
200,"ON AIR(Feat.로꼬(Loco), 박재범,그레이(GRAY))",릴보이,22469,2021,Hiphop,3sNpAUnxxQWeP4gnSdJXg6,0.797,0.768,6,-3.566,0,0.0955,0.334,0,0.0723,0.725,123.987
201,Super Magic,Supreme Team,46718,2009,Hiphop,5B9LYQM9EBdzvVmQO3aQog,0.831,0.791,11,-5.261,0,0.206,0.0461,0,0.0569,0.742,111.986
202,눈물 (Feat.유진 Of 더 씨야),리쌍,48002,2013,Hiphop,5WO8MdgIrbNBo9TeKzTVBl,0.686,0.866,11,-4.957,1,0.054,0.209,0,0.0801,0.717,98.004
203,어린 왕자 (Prod. Godic),"김하온,박준호",91495,2018,Hiphop,7rJaRkfLLhOBkdyJ8OCPSq,0.833,0.932,2,-2.855,1,0.147,0.0183,1.22e-05,0.11,0.294,114.994
204,8:45 Heaven,드렁큰타이거,85628,2007,Hiphop,4P9K00Tn5xOfXc5AIHvD3I,0.683,0.908,7,-4.322,0,0.231,0.136,0,0.08,0.378,89.934
205,북 (Prod. SLO),"배연서,오담률",49851,2018,Hiphop,2iP3HyTDUf9gk0NrCYINfS,0.698,0.808,1,-2.795,1,0.0897,0.0477,0,0.0952,0.181,140.031
206,"Red Sun (Feat.Zico,스윙스)",행주,49650,2017,Hiphop,4RCqE3kqOFMWNyYRLRR9mX,0.649,0.827,11,-4.534,0,0.414,0.181,0,0.13,0.413,89.824
207,Cold(Feat.수퍼비) (Prod. Way Ched),디아크,22876,2021,Hiphop,187yTccJjpINpPGWH1qtDy,0.771,0.682,1,-4.868,1,0.116,0.198,0,0.109,0.555,77.987
208,도망가,송민호,28223,2020,Hiphop,3kIaUtQdU9q2z4Jit3Frc5,0.849,0.604,6,-6.465,1,0.127,0.339,0,0.106,0.43,112.005
209,마이동풍,배치기,45692,2006,Hiphop,59SvswsfxIXboMr9cjfn1y,0.869,0.842,7,-3.134,1,0.119,0.165,0,0.0573,0.96,108.032
210,착해 빠졌어 (Stupid In Love),"소유,Mad Clown",48223,2013,Hiphop,70asJaz2YBwCKQQVDQdWw1,0.67,0.949,1,-1.299,0,0.284,0.323,0,0.13,0.633,143.824
211,너희가 힙합을 아느냐 (한글버젼),드렁큰타이거,7485,1999,Hiphop,2XbeVUIpalh7O9FZflpydb,0.782,0.838,1,-5.156,1,0.0566,0.0521,0,0.359,0.4,102.019
212,바코드 (Prod. Groovy Room),"김하온,이병재",91527,2018,Hiphop,0el9gNyGpY6xGwOkPwKsPR,0.805,0.764,9,-5.275,1,0.219,0.263,0,0.406,0.298,105.016
213,좋아 보여 (Feat.검정치마),Verbal Jint,77024,2011,Hiphop,1SzBKXn287MnoT4nR41piy,0.782,0.878,10,-3.506,0,0.25,0.233,0,0.243,0.641,87.998
214,빈집(Prod. By dnss) (Feat.THAMA),기리보이,91785,2018,Hiphop,4ilsJT4GNG9dYidf5qcBVb,0.516,0.608,6,-5.326,1,0.456,0.452,0,0.28,0.481,180.131
215,수퍼비와(Feat.비와이) (Prod. 비와이),수퍼비,92456,2018,Hiphop,7K35gNl1ANbPHJGBt3mrpb,0.583,0.772,11,-5.582,0,0.104,0.077,0,0.0821,0.331,125.929
216,가시,버즈,69033,2005,Rock,6qxXsltBYZHHr3MDvr8WL3,0.647,0.531,4,-8.829,1,0.0282,0.000646,0.902,0.114,0.651,144.012
217,이미 슬픈 사랑,야다,5830,1999,Rock,4OKJVnIyO8KRq182dstNOI,0.448,0.545,6,-6.86,1,0.0327,0.0613,0,0.107,0.0798,125.839
218,비와 당신,럼블피쉬,46485,2008,Rock,1oRMtkPyKu4VpC2dNZp0th,0.562,0.315,0,-7.929,1,0.0304,0.855,7.51e-06,0.0803,0.131,70.978
219,형,노라조,46863,2009,Rock,3xSEWvU6rh4a8ZGbN965lY,0.424,0.504,6,-4.929,1,0.0284,0.108,0,0.076,0.22,137.628
220,천년의 사랑,박완규,6048,1999,Rock,36HpeuZMRWKAyVaRO8mePe,0.409,0.559,9,-6.388,0,0.0319,0.0785,0,0.0517,0.15,134.029
221,One Love,M.C THE MAX !,62836,2003,Rock,5alMW854ShjDbupOJtaNKC,0.37,0.566,7,-4.781,1,0.0301,0.0293,0,0.057,0.16,140.173
222,가족사진,김진호,87532,2013,Rock,4Nk5zLRi4lmYpeJF7fpPwK,0.255,0.163,0,-8.075,1,0.0348,0.877,1.87e-05,0.118,0.189,79.847
223,사랑.TWO,윤도현,7086,1994,Rock,2qyJJQWSBMYQMVgc2MppGf,0.535,0.207,2,-8.567,1,0.0347,0.818,0,0.086,0.296,72.074
224,금지된 사랑,김경호,5114,1997,Rock,5WpEjkgGioeaFi50mVNQjW,0.547,0.418,6,-7.504,1,0.0297,0.372,0,0.116,0.112,136.062
225,남자를 몰라,버즈,85068,2006,Rock,5HlhynrLSnGBWfZaTOXkGc,0.447,0.854,2,-3.274,1,0.0897,0.021,2.79e-05,0.107,0.582,176.168
226,사계 (하루살이),M.C THE MAX!,92754,2019,Rock,2JJTLtccyOLEqFGMaJEyZv,0.335,0.551,4,-5.136,1,0.0317,0.476,0,0.178,0.205,136.023
227,안아 줘,정준일,87102,2011,Rock,1dAN9YSEram61KezA9X8lx,0.605,0.266,0,-10.461,1,0.033,0.395,0,0.118,0.284,135.948
228,"내 손을 잡아 (드라마""최고의 사랑"")",아이유,58259,2011,Rock,0KVClXxsZEKkyWRNXeRFrE,0.636,0.665,9,-5.012,1,0.0322,0.262,0,0.353,0.411,96.045
229,행복하지 말아요,M.C THE MAX !,45046,2004,Rock,5XyvfAC8S62CHQL2Z3BVYP,0.353,0.496,2,-6.991,1,0.0289,0.644,0,0.104,0.22,141.772
230,폰서트,10cm,90497,2017,Rock,47CcHKISaUPsK4QkO9ERFc,0.858,0.481,9,-3.649,1,0.104,0.391,0,0.128,0.773,107.96
231,비상,임재범,7153,1997,Rock,6YZQnBMOVFYsUERkP1BjsM,0.51,0.396,0,-11.616,1,0.0251,0.516,5.18e-06,0.187,0.259,143.877
232,나는 나비,윤도현밴드,85183,2006,Rock,3I71PFicYG614VGl6hqcUK,0.593,0.708,11,-1.247,1,0.0382,0.0252,0,0.105,0.283,127.031
233,겁쟁이,버즈,45151,2005,Rock,2xHahRoYZyVXOZWptGajm0,0.485,0.302,0,-7.466,1,0.0354,0.615,0,0.103,0.0817,144.222
234,응급실 (Original Version),izi,22030,2020,Rock,5XVEx1pTUR4T7ABtXoGGxx,0.579,0.374,3,-6.64,1,0.0272,0.593,0,0.114,0.217,139.917
235,서시,신성우,3446,1994,Rock,03epai6ESS55xb5xJ77Vis,0.281,0.594,1,-5.386,1,0.0352,0.585,0,0.131,0.257,167.994
236,나에게로 떠나는 여행,버즈,45229,2005,Rock,6lxNUHy9mix23jV3m6IzlF,0.409,0.867,7,-4.496,1,0.358,0.00238,2.91e-05,0.168,0.612,168.01
237,그래서 그대는,얀(Yarn),9034,2002,Rock,5aVuzoktGBQRedWuHqRhLC,0.344,0.643,2,-3.945,1,0.0362,0.368,0,0.208,0.0993,135.459
238,중독된 사랑,조장혁,6431,2000,Rock,5NtAjS4i0wEFK0lvvuSAVb,0.423,0.487,5,-5.854,1,0.0278,0.17,4.32e-05,0.133,0.189,131.775
239,"Endless (드라마""눈꽃""삽입곡)",FLOWER,6658,2000,Rock,6d4ffyZC90gygjunotYCEU,0.39,0.593,0,-5.211,1,0.0325,0.26,0,0.155,0.316,73.893
240,발걸음,에메랄드 케슬,4984,1997,Rock,0j9nNF4wJbk8ILrGTilZLG,0.275,0.532,6,-4.874,1,0.0366,0.589,0,0.113,0.291,134.834
241,사랑할수록,부활,3356,1993,Rock,30GH7aoSEBD9YmgSy83K85,0.489,0.384,8,-8.026,1,0.0264,0.173,0.000923,0.1,0.207,133.956
242,진혼,야다,6711,2000,Rock,2BxUjHQRrYX82cP3wDvOTU,0.362,0.35,2,-7.269,0,0.0317,0.178,3.01e-06,0.32,0.0791,143.782
243,걱정말아요 그대,전인권,45040,2004,Rock,79UKuDEL1EZLAKSW2oGFzX,0.529,0.473,7,-6.564,1,0.0319,0.267,9.62e-06,0.287,0.29,129.142
244,주저하는 연인들을 위해,잔나비,79781,2019,Rock,5BqwC9kOBbqYkzdOKeXFFk,0.52,0.431,10,-8.484,1,0.0284,0.705,0.000264,0.301,0.302,74.004
245,모나리자,조용필,1665,1988,Rock,3tqAk7XnhzpWV0vjEtrf9U,0.694,0.633,7,-12.452,0,0.0302,0.34,0.00292,0.0736,0.89,139.813
246,"돌덩이 (드라마""이태원 클라쓰"")",하현우,27612,2020,Rock,6A9QEWYXpXLMeJLRjGsIJ1,0.442,0.787,8,-3.889,0,0.0937,0.407,0,0.108,0.414,127.979
247,낭만 고양이,CHERRY FILTER,62666,2002,Rock,1NkXsa1HJZiyf77uqeeaEO,0.261,0.917,10,-4.429,1,0.108,0.00179,6.08e-06,0.711,0.347,167.779
248,사랑앓이,FT아일랜드,45962,2007,Rock,74KrjA5CWRr2elkzhJo6si,0.518,0.708,0,-4.389,0,0.0375,0.252,0,0.176,0.22,119.847
249,여행을 떠나요,조용필,3493,1985,Rock,6NfeBM6CHfPMIOHy5ZwQFl,0.611,0.851,4,-4.719,1,0.0384,0.125,0.000155,0.147,0.73,150.005
250,"사랑,결코 시들지 않는...",서문탁,6135,1999,Rock,0DXhrYTbsMhFBKiqmDtkd7,0.497,0.637,11,-5.963,1,0.0329,0.0374,0,0.244,0.367,144.178
251,고해,임재범,7033,1998,Rock,1cEODRpsqyAvzQvYJnDcGu,0.432,0.678,0,-7.201,1,0.0323,0.0511,1.5e-06,0.152,0.139,75.038
252,애상,10cm,77150,2012,Rock,2eCIpp1f2jrJzVrpaASqlq,0.754,0.38,4,-4.2,1,0.0438,0.687,0,0.133,0.669,123.891
253,나에게로의 초대,정경화,4139,2004,Rock,2Ta4SIixNaiqFAHKuzp7Bp,0.501,0.519,9,-5.933,1,0.0391,0.387,0,0.115,0.0798,147.82
254,사랑의 바보,The Nuts,64438,2004,Rock,3wYDgvDi82GUU1NPy2roYp,0.626,0.657,0,-5.535,1,0.0424,0.0623,0,0.218,0.5,117.956
255,당신을 위하여,THE CROSS,65729,2003,Rock,5qTEVUFXNLwFtbwZiNiVwZ,0.485,0.57,7,-4.566,0,0.0271,0.334,3.89e-06,0.105,0.191,93.963
256,다시 사랑한다면,도원경,6919,2001,Rock,4NMeQFj4A8dUj0oTaaZutP,0.506,0.483,11,-5.934,1,0.0275,0.1,0,0.167,0.142,153.924
257,You,김상민,7525,2001,Rock,1GnTzUeL8ODarfYhkiq7Zf,0.459,0.549,7,-6.377,0,0.0273,0.16,0,0.141,0.262,144.102
258,"내 생에 봄날은.. (드라마""피아노""O.S.T)",CAN,7655,2001,Rock,5WnA63jyZTbKL9PeDaWh9O,0.619,0.833,2,-4.086,0,0.0388,0.104,0,0.328,0.712,115.888
259,유리의 성 #Story III,K2,6156,2002,Rock,1nRGFwRAMkmHsw26JfZIp4,0.325,0.741,5,-4.697,1,0.0506,0.234,0,0.884,0.239,143.744
260,박하사탕,윤도현밴드,7640,2010,Rock,4kiCS23srHAIEy8YUTLzjQ,0.44,0.609,9,-6.82,1,0.0393,0.0458,3.37e-06,0.109,0.429,180.208
261,아름다운 구속,김종서,4906,1996,Rock,7gjzyf9vpxjteDy6yvEiwS,0.273,0.695,10,-5.219,1,0.0401,0.246,0,0.142,0.0717,135.233
262,나를 슬프게 하는 사람들,김경호,5015,1997,Rock,5iLmnY05ksZwMZmEQxkyuC,0.235,0.464,6,-8.887,0,0.0362,0.464,1.75e-06,0.14,0.15,73.279
263,Don't Cry,THE CROSS,9486,2003,Rock,5wJOqoOsEqJWoHaisUpDVV,0.456,0.457,5,-5.65,1,0.0254,0.762,0.000286,0.17,0.182,78.532
264,"마리아(Maria) (영화""미녀는 괴로워"")",김아중,45783,2006,Rock,1EV9aadh7iTZetS5L7jcu9,0.637,0.733,11,-3.748,1,0.0357,0.00226,0.00168,0.0534,0.657,80.056
265,눈물,FLOWER,7197,1999,Rock,4DSuNseoQlb4X4sGamoxWP,0.513,0.473,0,-5.515,1,0.0259,0.699,0,0.0926,0.249,76.357
266,비밀번호486,윤하,45877,2007,Rock,4UJFboVdkS4JvnCG5CjipR,0.622,0.882,9,-2.886,1,0.106,0.0867,0,0.0931,0.726,136.923
267,"우리의 꿈 (만화""원피스"")",코요태,64644,2005,Rock,4v62eKhSpKkzWVIirLxlDa,0.579,0.88,6,-1.485,1,0.0537,0.175,0,0.15,0.448,149.913
268,밤이 깊었네,CRYING NUT,6943,2001,Rock,71yXrG7UY3myMhpn2QiMh4,0.719,0.613,9,-5.28,1,0.0475,0.194,2.38e-05,0.359,0.301,115.169
269,별,M.C THE MAX !,64226,2003,Rock,3SoVudEgQdJJP1EF1jm89v,0.46,0.481,10,-7.654,1,0.0317,0.507,0,0.106,0.104,70.12
270,pet,10cm,90522,2017,Rock,02ZdsqufZLJ4MmmgXDGokA,0.888,0.521,2,-4.837,1,0.0348,0.776,0,0.348,0.827,105.97
271,"스물다섯, 스물하나",자우림,48246,2013,Rock,3mQwOUjViw1cpwUYugndPV,0.245,0.504,0,-6.337,1,0.0325,0.184,0.000373,0.149,0.15,156.904
272,...라구요,강산에,1428,1993,Rock,3CKZFUf9T6iFzCTJrSVvIe,0.661,0.156,7,-15.484,1,0.0296,0.164,0,0.0624,0.452,94.036
273,애정 표현,FLOWER,6898,2000,Rock,6XM3zMkuGUr2JJ1d0Kd2oI,0.443,0.816,0,-7.547,1,0.0337,0.00193,0,0.3,0.667,180.034
274,흰수염고래,윤도현밴드,58464,2011,Rock,5kYbCBVmANyEBAEEencFfo,0.282,0.489,0,-5.24,1,0.0381,0.101,0,0.0822,0.142,175.383
275,그것만이 내 세상,들국화,1329,1985,Rock,5fUHeKHYntekbkf6FybjLs,0.484,0.486,5,-8.129,1,0.029,0.0184,1.68e-05,0.113,0.157,96.893
276,오리 날다,CHERRY FILTER,9526,2003,Rock,00ddDV60MFTJkWSGC7IGIv,0.444,0.912,10,-1.833,1,0.191,0.00638,0.000272,0.103,0.698,158.07
277,밥만 잘 먹더라,"창민,이현",47097,2010,Rock,2D70Ed98oPbMOBuQ1enlNc,0.691,0.825,2,-5.92,1,0.0296,0.268,0,0.275,0.709,125.995
278,여수 밤바다,버스커 버스커,77221,2012,Rock,6c1mf1kaoeE36Dd2wUdX1P,0.239,0.498,4,-6.182,1,0.042,0.348,7.83e-06,0.0958,0.227,199.19
279,LONELY NIGHT,부활,5087,1997,Rock,5pHYQ1TuV7Ye5WWYcAxFjE,0.452,0.868,6,-4.374,1,0.0508,0.00109,1.46e-06,0.414,0.432,96.879
280,기억을 걷는 시간,NELL,46244,2008,Rock,6XkrfYmgPGSvgufoivTQgj,0.399,0.331,10,-9.221,1,0.0478,0.858,1.38e-06,0.11,0.193,171.208
281,"잊었니 (드라마""신들의 만찬"")",이승철,47662,2012,Rock,3FWt5xWWsoi8BYJIgl9j2m,0.544,0.404,6,-9.156,0,0.0268,0.553,0,0.274,0.385,89.192
282,벚꽃 엔딩,버스커 버스커,47700,2012,Rock,4eFTh1opLS5wANDmZK9ghC,0.621,0.669,9,-5.303,1,0.0312,0.739,0,0.138,0.663,119.947
283,My Love,이승철,48140,2013,Rock,5jc9XMXeppBFkuPf8MO4tt,0.452,0.372,9,-7.657,1,0.027,0.781,2.33e-06,0.103,0.554,147.921
284,사랑은 은하수 다방에서,10cm,86807,2011,Rock,6k6Llm7Kw3Ad1Xo1e6sIcR,0.759,0.333,11,-8.68,0,0.0357,0.246,0,0.222,0.673,121.831
285,잊을께,윤도현밴드,63748,2003,Rock,5Ermk04tSk2Z7mfVDcP6EG,0.628,0.629,7,-5.112,1,0.029,0.0457,0.000267,0.113,0.739,131.948
